# id,name,type1,type2,hp,attack,defense,spAttack,spDefense,speed,evolutionLevel,evolutionTarget,baseExp,captureRate,category,description
bulbasaur,妙蛙种子,GRASS,POISON,45,49,49,65,65,45,16,ivysaur,64,45,种子宝可梦,背上的种子从出生时就种下了 会随成长慢慢长大
ivysaur,妙蛙草,GRASS,POISON,60,62,63,80,80,60,32,venusaur,142,45,种子宝可梦,背上的花苞积蓄着进化的力量
venusaur,妙蛙花,GRASS,POISON,80,82,83,100,100,80,0,,236,45,种子宝可梦,背上的大花会散发迷人的香气
charmander,小火龙,FIRE,,39,52,43,60,50,65,16,charmeleon,62,45,蜥蜴宝可梦,尾巴上的火焰代表它的生命
charmeleon,火恐龙,FIRE,,58,64,58,80,65,80,36,charizard,142,45,火焰宝可梦,会挥动尾巴上的火焰战斗
charizard,喷火龙,FIRE,FLYING,78,84,78,109,85,100,0,,240,45,火焰宝可梦,能喷出融化岩石的炽热火焰
squirtle,杰尼龟,WATER,,44,48,65,50,64,43,16,wartortle,63,45,小龟宝可梦,出生后龟壳会逐渐变硬
wartortle,卡咪龟,WATER,,59,63,80,65,80,58,36,blastoise,142,45,龟宝可梦,蓬松的尾巴是长寿的象征
blastoise,水箭龟,WATER,,79,83,100,85,105,78,0,,239,45,甲壳宝可梦,背上的水炮威力惊人
pikachu,皮卡丘,ELECTRIC,,35,55,40,50,50,90,0,,112,190,鼠宝可梦,脸颊上的电气袋储存电力 遇到危险时会放电
eevee,伊布,NORMAL,,55,55,50,45,65,55,0,,65,45,进化宝可梦,基因不稳定 会根据环境进化成多种形态
growlithe,卡蒂狗,FIRE,,55,70,45,70,50,60,25,arcanine,70,190,小狗宝可梦,对训练家非常忠诚 会用吼叫威吓敌人
arcanine,风速狗,FIRE,,90,110,80,100,80,95,0,,194,75,传说宝可梦,威风凛凛 奔跑起来像风一样快
horsea,墨海马,WATER,,30,40,70,70,25,60,25,seadra,59,225,龙宝可梦,用尾巴卷住珊瑚 防止被水流冲走
seadra,海刺龙,WATER,,55,65,95,95,45,85,0,,154,75,龙宝可梦,性情暴躁 被激怒时会喷射墨汁
abra,凯西,PSYCHIC,,25,20,15,105,55,90,16,kadabra,62,200,念力宝可梦,每天睡18个小时 睡着时也能使用超能力
kadabra,勇基拉,PSYCHIC,,40,35,30,120,70,105,36,alakazam,140,100,念力宝可梦,念力强大 据说使用超能力时会发生灵异现象
alakazam,胡地,PSYCHIC,,55,50,45,135,95,120,0,,225,50,念力宝可梦,智商极高 大脑时刻高速运转
machop,腕力,FIGHTING,,70,80,50,35,35,35,16,machoke,61,180,怪力宝可梦,全身都是肌肉 能举起比自己重几倍的物体
machoke,豪力,FIGHTING,,80,100,70,50,60,45,36,machamp,142,90,怪力宝可梦,肌肉发达 据说能空手投掷成年人
machamp,怪力,FIGHTING,,90,130,80,65,85,55,0,,227,45,怪力宝可梦,四只手臂能连续出拳 拳速快得看不见
geodude,小拳石,ROCK,GROUND,40,80,100,30,30,20,16,graveler,60,255,岩石宝可梦,像石头一样一动不动 会滚下山坡袭击猎物
graveler,隆隆石,ROCK,GROUND,55,95,115,45,45,35,36,golem,137,120,岩石宝可梦,滚下山时速度惊人 沿途碾压一切
golem,隆隆岩,ROCK,GROUND,80,120,130,55,65,45,0,,223,45,重量级宝可梦,身体坚硬如铁 从高处滚落也不会受伤
gastly,鬼斯,GHOST,POISON,30,35,30,100,35,80,16,haunter,62,190,气体宝可梦,由毒气组成 被风吹就会散开
haunter,鬼斯通,GHOST,POISON,45,50,45,115,55,95,36,gengar,142,90,气体宝可梦,喜欢躲藏在暗处 会伸出舌头吓人
gengar,耿鬼,GHOST,POISON,60,65,60,130,75,110,0,,225,45,影子宝可梦,潜藏在影子里 据说被它舔到会被吸取生命
dratini,迷你龙,DRAGON,,41,64,45,50,50,50,16,dragonair,60,45,龙宝可梦,传说中的宝可梦 成长过程中会不断蜕皮
dragonair,哈克龙,DRAGON,,61,84,65,70,70,70,36,dragonite,144,45,龙宝可梦,头部和翅膀上的水晶能改变天气
dragonite,快龙,DRAGON,FLYING,91,134,95,100,100,80,0,,270,45,龙宝可梦,心地善良 会救助落水的人和宝可梦
milk-dragon,奶龙,FIRE,DRAGON,46,52,45,62,48,47,18,milk-frog,60,190,奶香宝可梦,圆滚滚的幼龙 浑身散发着甜甜的奶香 受惊时鼻尖会喷出小小的火星
milk-frog,奶蛙,FIRE,DRAGON,62,66,58,85,70,64,36,milk-toad,142,90,蛙龙宝可梦,喝饱奶后弹跳力惊人 喷出的火焰会在空中炸成烟花般的火球
milk-toad,奶大蛙,FIRE,DRAGON,88,82,76,115,95,84,0,,240,45,大蛙龙宝可梦,体内燃烧着龙之火焰 一口龙息足以熔化岩石 但对信任的伙伴格外温柔
pidgey,波波,NORMAL,FLYING,40,45,40,35,35,56,18,pidgeotto,50,255,小鸟宝可梦,性情温和 会把对手扇飞到远处
pidgeotto,比比鸟,NORMAL,FLYING,63,60,55,50,50,71,36,pidgeot,122,120,鸟宝可梦,会用巨大的爪子捕捉猎物
pidgeot,大比鸟,NORMAL,FLYING,83,80,75,70,70,101,0,,216,45,鸟宝可梦,能以二马赫的速度飞行
caterpie,绿毛虫,BUG,,45,30,35,20,20,45,7,metapod,39,255,虫宝可梦,身体柔软 会吐出丝线保护自己
metapod,铁甲蛹,BUG,,50,20,55,25,25,30,10,butterfree,72,120,蛹宝可梦,外壳坚硬 静静地等待进化
butterfree,巴大蝶,BUG,FLYING,60,45,50,90,80,70,0,,178,45,蝴蝶宝可梦,翅膀上覆盖着防水的鳞粉
magnemite,小磁怪,ELECTRIC,STEEL,25,35,70,95,55,45,30,magneton,65,190,磁铁宝可梦,悬浮在空中 靠电磁波维持生命
magneton,三合一磁怪,ELECTRIC,STEEL,50,60,95,120,70,70,0,,163,60,磁铁宝可梦,三只小磁怪由磁力相连
jigglypuff,胖丁,NORMAL,FAIRY,115,45,20,45,25,20,28,wigglytuff,95,170,气球宝可梦,唱着歌让听到的人入睡
wigglytuff,胖可丁,NORMAL,FAIRY,140,70,45,85,50,45,0,,196,50,气球宝可梦,身体蓬松 会吸入空气膨胀
meowth,喵喵,NORMAL,,40,45,35,40,40,90,28,persian,58,255,抓猫宝可梦,喜欢闪闪发光的东西
persian,猫老大,NORMAL,,65,70,60,65,65,115,0,,154,90,暹罗猫宝可梦,姿态优雅 性情却很凶暴
vulpix,六尾,FIRE,,38,41,40,50,65,65,0,,60,190,狐狸宝可梦,六条尾巴会随着年龄增长
magikarp,鲤鱼王,WATER,,20,10,55,15,20,80,20,gyarados,40,255,鱼宝可梦,只会跳来跳去
gyarados,暴鲤龙,WATER,FLYING,95,125,79,60,100,81,0,,189,45,凶恶宝可梦,发怒时会破坏一切
psyduck,可达鸭,WATER,,50,52,48,65,50,55,33,golduck,64,190,鸭宝可梦,头痛时会发动不可思议的力量
golduck,哥达鸭,WATER,,80,82,78,95,80,85,0,,175,75,鸭宝可梦,在水中游动的速度极快
slowpoke,呆呆兽,WATER,PSYCHIC,90,65,65,40,40,15,30,slowbro,63,190,憨憨宝可梦,反应非常迟钝
slowbro,呆河马,WATER,PSYCHIC,95,75,110,100,80,30,0,,172,75,寄居蟹宝可梦,尾巴被大舌贝紧紧咬住
seel,小海狮,WATER,,65,45,55,45,70,45,34,dewgong,65,190,海狮宝可梦,喜欢冰冷的海水
dewgong,白海狮,WATER,ICE,90,70,80,70,95,70,0,,166,75,海狮宝可梦,全身覆盖着雪白的皮毛
koffing,瓦斯弹,POISON,,40,65,95,60,45,35,35,weezing,68,190,毒气宝可梦,体内充满毒气
weezing,双弹瓦斯,POISON,,65,90,120,85,70,60,0,,172,60,毒气宝可梦,两个身体由管道相连
cubone,卡拉卡拉,GROUND,,50,50,95,40,50,35,28,marowak,64,190,孤单宝可梦,戴着死去母亲的头骨
marowak,嘎啦嘎啦,GROUND,,60,80,110,50,80,45,0,,149,75,爱骨宝可梦,骨棒是它的武器
lapras,拉普拉斯,WATER,ICE,130,85,80,85,95,60,0,,187,45,乘载宝可梦,性情温和 喜欢载人渡海
snorlax,卡比兽,NORMAL,,160,110,65,65,110,30,0,,189,25,瞌睡宝可梦,一天要吃掉四百公斤食物
chansey,吉利蛋,NORMAL,,250,5,5,35,105,50,0,,395,30,蛋宝可梦,会把蛋分给受伤的人
aerodactyl,化石翼龙,ROCK,FLYING,80,105,65,60,75,130,0,,180,45,化石宝可梦,从琥珀化石中复活
